<?xml version="1.0" encoding="UTF-8"?>
<config>
    <model>Timetracker_Model_Timesheet</model>
    <name>ts_default_ods</name>
    <type>export</type>
    <plugin>Timetracker_Export_Ods_Timesheet</plugin>
    <template>timesheet_export_default.ots</template>
    <description>default ods timesheet export definition</description>
    <header>1</header>
    <columns>
        <column>
            <identifier>start_date</identifier>
            <header>Date</header>
            <type>date</type>
        </column>
        <column>
            <identifier>description</identifier>
            <header>Description</header>
            <type>string</type>
        </column>
        <column>
            <identifier>timeaccount_number</identifier>
            <header>Timeaccount Number</header>
            <type>timeaccount</type>
            <field>number</field>
        </column>
        <column>
            <identifier>timeaccount_id</identifier>
            <header>Timeaccount</header>
            <type>timeaccount</type>
            <field>title</field>
        </column>
        <column>
            <identifier>account_id</identifier>
            <header>Staff Member</header>
            <type>account_id</type>
            <field>accountDisplayName</field>
        </column>
        <column>
            <identifier>duration</identifier>
            <header>Duration</header>
            <type>float</type>
            <divisor>60</divisor>
            <number>1</number>
        </column>
        <column>
            <identifier>is_billable_combined</identifier>
            <header>Billable</header>
            <type>float</type>
        </column>
        <column>
            <identifier>is_cleared_combined</identifier>
            <header>Cleared</header>
            <type>float</type>
        </column>
    </columns>
</config>
