<?xml version="1.0" encoding="iso-8859-1" ?>

<CaseType>
  <name>Operations Center</name>
  <ActivityTypes>
    <ActivityType>
      <name>Open Case</name>
      <max_instances>1</max_instances>
    </ActivityType>
    <ActivityType>
      <name>Intake</name>
      <max_instances>1</max_instances>
    </ActivityType>
    <ActivityType>
      <name>Case Plan</name>
    </ActivityType>
    <ActivityType>
      <name>MCT - Lethality Sheet</name>
    </ActivityType>
    <ActivityType>
      <name>MCT - Assessment and Treatment</name>
    </ActivityType>
    <ActivityType>
      <name>MCT Dispatch</name>
    </ActivityType>
    <ActivityType>
      <name>MCT - Consent For Services</name>
    </ActivityType>
    <ActivityType>
      <name>MCT - Authorization To Release</name>
    </ActivityType>
    <ActivityType>
      <name>IHIT - Assessment and Treatment</name>
    </ActivityType>
    <ActivityType>
      <name>IHIT - Progress Note</name>
    </ActivityType>
    <ActivityType>
      <name>IHIT - Individual Treatment Plan</name>
    </ActivityType>
    <ActivityType>
      <name>IHIT - Consent For Services</name>
    </ActivityType>
    <ActivityType>
      <name>IHIT - Authorization To Release</name>
    </ActivityType>
    <ActivityType>
      <name>UCC - Medical Evaluation</name>
    </ActivityType>
    <ActivityType>
      <name>UCC - Informed Consent</name>
    </ActivityType>
    <ActivityType>
      <name>Follow up</name>
    </ActivityType>
	<ActivityType>
      <name>Change Case Type</name>
    </ActivityType>
    <ActivityType>
      <name>Change Case Status</name>
    </ActivityType> 
    <ActivityType>
      <name>Change Case Start Date</name>
    </ActivityType>
  </ActivityTypes>
  <ActivitySets>
    <ActivitySet>
      <name>standard_timeline</name>
      <label>Standard Timeline</label>
      <timeline>true</timeline>
      <ActivityTypes>
        <ActivityType>
          <name>Open Case</name>
          <status>Completed</status>
        </ActivityType>
      </ActivityTypes>
    </ActivitySet>
  </ActivitySets>
  <CaseRoles>
    <RelationshipType>
        <name>Direct Care Physician</name>
        <creator>1</creator>
        <manager>1</manager>
    </RelationshipType>
    <RelationshipType>
        <name>Urgent Care Clinician</name>
    </RelationshipType>
    <RelationshipType>
        <name>Physician</name>
    </RelationshipType>	  
    <RelationshipType>
        <name>Therapist</name>
    </RelationshipType>	  
 </CaseRoles>
</CaseType>
