<?xml version="1.0" encoding="iso-8859-1" ?>

<CaseType>
  <name>Staffing Referral</name>
  <ActivityTypes>
    <ActivityType>
      <name>New Referral</name>
      <max_instances>1</max_instances>
    </ActivityType>
    <ActivityType>
      <name>Open Case</name>
      <max_instances>1</max_instances>
    </ActivityType>
    <ActivityType>
      <name>Housing search</name>
    </ActivityType>
    <ActivityType>
      <name>Medical Evaluation</name>
    </ActivityType>
    <ActivityType>
      <name>Follow up</name>
    </ActivityType>
	<ActivityType>
      <name>Change Case Type</name>
    </ActivityType>
    <ActivityType>
      <name>Change Case Status</name>
    </ActivityType>
    <ActivityType>
      <name>Change Case Start Date</name>
    </ActivityType>
  </ActivityTypes>
  <ActivitySets>
    <ActivitySet>
      <name>standard_timeline</name>
      <label>Standard Timeline</label>
      <timeline>true</timeline>
      <ActivityTypes>
        <ActivityType>
          <name>New Referral</name>
          <status>Completed</status>
        </ActivityType>
        <ActivityType>
          <name>Medical Evaluation</name>
          <reference_activity>New Referral</reference_activity>
          <reference_offset>3</reference_offset>
          <reference_select>newest</reference_select>
        </ActivityType>
        <ActivityType>
          <name>Follow up</name>
          <reference_activity>Open Case</reference_activity>
          <reference_offset>14</reference_offset>
          <reference_select>newest</reference_select>
        </ActivityType>
      </ActivityTypes>
    </ActivitySet>
  </ActivitySets>
  <CaseRoles>
    <RelationshipType>
        <name>Admin Coordinator</name>
        <creator>1</creator>
    </RelationshipType>
    <RelationshipType>
        <name>Account Liaison</name>
    </RelationshipType>
    <RelationshipType>
        <name>Benefits Specialist</name>
    </RelationshipType>	  
 </CaseRoles>
</CaseType>
