<?xml version="1.0" encoding="utf-8"?>
<application>
    <name>Sales</name>
    <version>3.0</version>
    <order>50</order>
    <status>enabled</status>
    <tables>
        <table>
            <name>sales_numbers</name>
            <version>1</version>
            <declaration>
                <field>
                    <name>id</name>
                    <type>text</type>
                    <length>40</length>
                    <notnull>true</notnull>
                </field>
                <field>
                    <name>number</name>
                    <type>integer</type>
                    <notnull>true</notnull>
                    <default>0</default>
                </field>
                <field>
                    <name>account_id</name>
                    <type>text</type>
                    <length>40</length>
                    <notnull>true</notnull>
                </field>
                <field>
                    <name>type</name>
                    <type>text</type>
                    <length>128</length>
                    <notnull>true</notnull>
                </field>
                <field>
                    <name>update_time</name>
                    <type>datetime</type>
                </field> 
                <index>
                    <name>id</name>
                    <primary>true</primary>
                    <field>
                        <name>id</name>
                    </field>
                </index>
                <index>
                    <name>type</name>
                    <unique>true</unique>
                    <field>
                        <name>type</name>
                    </field>
                </index>
            </declaration>
        </table>
        <table>
            <name>sales_contracts</name>
            <version>1</version>
            <declaration>
                <field>
                    <name>id</name>
                    <type>text</type>
                    <length>40</length>
                    <notnull>true</notnull>
                </field>
                <field>
                    <name>container_id</name>
                    <type>integer</type>
                    <notnull>true</notnull>
                </field>                
                <field>
                    <name>parent_id</name>
                    <type>text</type>
                    <length>40</length>
                    <notnull>false</notnull>
                </field>
                <field>
                    <name>number</name>
                    <type>integer</type>
                    <notnull>true</notnull>
                </field>
                <field>
                    <name>title</name>
                    <type>text</type>
                    <length>256</length>
                    <notnull>true</notnull>
                </field>
                <field>
                    <name>status</name>
                    <type>text</type>
                    <length>64</length>
                </field>
                <field>
                    <name>description</name>
                    <type>text</type>
                </field>
                <field>
                    <name>created_by</name>
                    <type>text</type>
                    <length>40</length>
                </field>
                <field>
                    <name>creation_time</name>
                    <type>datetime</type>
                </field> 
                <field>
                    <name>last_modified_by</name>
                    <type>text</type>
                    <length>40</length>
                </field>
                <field>
                    <name>last_modified_time</name>
                    <type>datetime</type>
                </field>
                <field>
                    <name>is_deleted</name>
                    <type>boolean</type>
                    <default>false</default>
                </field>
                <field>
                    <name>deleted_by</name>
                    <type>text</type>
                    <length>40</length>
                </field>            
                <field>
                    <name>deleted_time</name>
                    <type>datetime</type>
                </field>
                <index>
                    <name>id</name>
                    <primary>true</primary>
                    <field>
                        <name>id</name>
                    </field>
                </index>
                <index>
                    <name>container_id</name>
                    <field>
                        <name>container_id</name>
                    </field>
                </index>
                <index>
                    <name>sales_contracts::container_id--container::id</name>
                    <field>
                        <name>container_id</name>
                    </field>
                    <foreign>true</foreign>
                    <reference>
                        <table>container</table>
                        <field>id</field>
                    </reference>
                </index>
            </declaration>
        </table>
        <table>
            <name>sales_products</name>
            <version>2</version>
            <declaration>
                <field>
                    <name>id</name>
                    <type>text</type>
                    <length>40</length>
                    <notnull>true</notnull>
                </field>
                <field>
                    <name>name</name>
                    <type>text</type>
                    <length>255</length>
                    <notnull>true</notnull>
                </field>
                <field>
                    <name>description</name>
                    <type>text</type>
                    <notnull>false</notnull>
                </field>
                <field>
                    <name>manufacturer</name>
                    <type>text</type>
                    <length>255</length>
                    <notnull>false</notnull>
                </field>
                <field>
                    <name>category</name>
                    <type>text</type>
                    <length>255</length>
                    <notnull>false</notnull>
                </field>
                <field>
                    <name>price</name>
                    <type>float</type>
                    <notnull>false</notnull>
                </field>
                <field>
                    <name>created_by</name>
                    <type>text</type>
                    <length>40</length>
                </field>
                <field>
                    <name>creation_time</name>
                    <type>datetime</type>
                </field> 
                <field>
                    <name>last_modified_by</name>
                    <type>text</type>
                    <length>40</length>
                </field>
                <field>
                    <name>last_modified_time</name>
                    <type>datetime</type>
                </field>
                <field>
                    <name>is_deleted</name>
                    <type>boolean</type>
                    <default>false</default>
                </field>
                <field>
                    <name>deleted_by</name>
                    <type>text</type>
                    <length>40</length>
                </field>            
                <field>
                    <name>deleted_time</name>
                    <type>datetime</type>
                </field>                
                <index>
                    <name>id</name>
                    <primary>true</primary>
                    <field>
                        <name>id</name>
                    </field>
                </index>
            </declaration>
        </table>
    </tables>
    <defaultRecords>
        <record>
            <table>
                <name>container</name>
            </table>
            <field>
                <name>name</name>
                <value>Shared Contracts</value>
                <!-- gettext('Shared Contracts') -->
            </field>
            <field>
                <name>type</name>
                <value>shared</value>
            </field>
            <field>
                <name>backend</name>
                <value>sql</value>
            </field>
            <field>
                <name>application_id</name>
                <value special="application_id">Sales</value>
            </field>
        </record>
    </defaultRecords>    
</application>
