<?xml version="1.0" encoding="UTF-8"?>
<config>
    <name>adb_mac_import_csv</name>
    <model>Addressbook_Model_Contact</model>
    <plugin>Addressbook_Import_Csv</plugin>
    <type>import</type>
    <headline>1</headline>
    <dryrun>0</dryrun>
    <delimiter>TAB</delimiter>
    <description> mac addressbook german exported by 
http://www.macupdate.com/info.php/id/9312
with all fields enabled</description>
    <encoding>MAC-CENTRALEUROPE</encoding>
    <mapping>
        <field>
            <source>Vorname</source>
            <destination>n_given</destination>
        </field>
        <field>
            <source>Ausspracheform Vorname</source>
            <destination></destination>
        </field>
        <field>
            <source>Nachname</source>
            <destination>n_family</destination>
        </field>
        <field>
            <source>Ausspracheform Nachname</source>
            <destination></destination>
        </field>
        <field>
            <source>Firma</source>
            <destination>org_name</destination>
        </field>
        <field>
            <source>Berufsbezeichnung</source>
            <destination>role</destination>
        </field>
        <field>
            <source>Arbeitsadresse Strasse</source>
            <destination>adr_one_street</destination>
        </field>
        <field>
            <source>Arbeitsadresse Stadt</source>
            <destination>adr_one_locality</destination>
        </field>
        <field>
            <source>Arbeitsadresse Bundesland</source>
            <destination>adr_one_region</destination>
        </field>
        <field>
            <source>Arbeitsadresse PLZ</source>
            <destination>adr_one_postalcode</destination>
        </field>
        <field>
            <source>Arbeitsadresse Land</source>
            <destination></destination>
        </field>
        <field>
            <source>Privatadresse Strasse</source>
            <destination>adr_two_street</destination>
        </field>
        <field>
            <source>Privatadresse Stadt</source>
            <destination>adr_two_locality</destination>
        </field>
        <field>
            <source>Privatadresse Bundesland</source>
            <destination>adr_two_region</destination>
        </field>
        <field>
            <source>Privatadresse PLZ</source>
            <destination>adr_two_postalcode</destination>
        </field>
        <field>
            <source>Privatadresse Land</source>
            <destination>adr_two_postalcode</destination>
        </field>
        <field>
            <source>Andere Adr. Strasse</source>
            <destination></destination>
        </field>
        <field>
            <source>Andere Adr. Stadt</source>
            <destination></destination>
        </field>
        <field>
            <source>Andere Adr. Bundesland</source>
            <destination></destination>
        </field>
        <field>
            <source>Andere Adr. PLZ</source>
            <destination></destination>
        </field>
        <field>
            <source>Andere Adr. Land</source>
            <destination></destination>
        </field>
        <field>
            <source>Arbeit E-Mail</source>
            <destination>email</destination>
        </field>
        <field>
            <source>Privat E-Mail</source>
            <destination>email_home</destination>
        </field>
        <field>
            <source>Andere E-Mail</source>
            <destination></destination>
        </field>
        <field>
            <source>Arbeit Telefon</source>
            <destination>tel_work</destination>
        </field>
        <field>
            <source>Privat Telefon</source>
            <destination>tel_home</destination>
        </field>
        <field>
            <source>Hauptnummer</source>
            <destination></destination>
        </field>
        <field>
            <source>Mobiltelefon</source>
            <destination>tel_cell</destination>
        </field>
        <field>
            <source>Pager Nummer</source>
            <destination></destination>
        </field>
        <field>
            <source>Andere Telefonnummer</source>
            <destination></destination>
        </field>
        <field>
            <source>Arbeit Fax</source>
            <destination>tel_fax</destination>
        </field>
        <field>
            <source>Privat Fax</source>
            <destination>tel_fax_home</destination>
        </field>
        <field>
            <source>Arbeit AIM</source>
            <destination></destination>
        </field>
        <field>
            <source>Privat AIM</source>
            <destination></destination>
        </field>
        <field>
            <source>Arbeit Jabber</source>
            <destination></destination>
        </field>
        <field>
            <source>Privat Jabber</source>
            <destination></destination>
        </field>
        <field>
            <source>Arbeit MSNr</source>
            <destination></destination>
        </field>
        <field>
            <source>Privat MSN</source>
            <destination></destination>
        </field>
        <field>
            <source>Arbeit Yahoo</source>
            <destination></destination>
        </field>
        <field>
            <source>Privat Yahoo</source>
            <destination></destination>
        </field>
        <field>
            <source>Arbeit ICQ</source>
            <destination></destination>
        </field>
        <field>
            <source>Privat ICQ</source>
            <destination></destination>
        </field>
        <field>
            <source>Homepage</source>
            <destination>url</destination>
        </field>
        <field>
            <source>Notizen</source>
            <destination>note</destination>
        </field>
        <field>
            <source>Geburtstag</source>
            <destination>bday</destination>
        </field>
    </mapping>
</config>
