<?xml version="1.0" encoding="UTF-8"?>
<config>
    <name>adb_tine_import_csv</name>
    <model>Addressbook_Model_Contact</model>
    <plugin>Addressbook_Import_Csv</plugin>
    <type>import</type>
    <headline>1</headline>
    <dryrun>0</dryrun>
    <delimiter>,</delimiter>
    <description>tine adb import</description>
    <mapping>
        <field>
            <source>adr_one_countryname</source>
            <destination>adr_one_countryname</destination>
        </field>
        <field>
            <source>adr_one_locality</source>
            <destination>adr_one_locality</destination>
        </field>
        <field>
            <source>adr_one_postalcode</source>
            <destination>adr_one_postalcode</destination>
        </field>
        <field>
            <source>adr_one_region</source>
            <destination>adr_one_region</destination>
        </field>
        <field>
            <source>adr_one_street</source>
            <destination>adr_one_street</destination>
        </field>
        <field>
            <source>adr_one_street2</source>
            <destination>adr_one_street2</destination>
        </field>
        <field>
            <source>adr_two_countryname</source>
            <destination>adr_two_countryname</destination>
        </field>
        <field>
            <source>adr_two_locality</source>
            <destination>adr_two_locality</destination>
        </field>
        <field>
            <source>adr_two_postalcode</source>
            <destination>adr_two_postalcode</destination>
        </field>
        <field>
            <source>adr_two_region</source>
            <destination>adr_two_region</destination>
        </field>
        <field>
            <source>adr_two_street</source>
            <destination>adr_two_street</destination>
        </field>
        <field>
            <source>adr_two_street2</source>
            <destination>adr_two_street2</destination>
        </field>
        <field>
            <source>assistent</source>
            <destination>assistent</destination>
        </field>
        <field>
            <source>bday</source>
            <destination>bday</destination>
        </field>
        <field>
            <source>calendar_uri</source>
            <destination>calendar_uri</destination>
        </field>
        <field>
            <source>email</source>
            <destination>email</destination>
        </field>
        <field>
            <source>email_home</source>
            <destination>email_home</destination>
        </field>
        <field>
            <source>freebusy_uri</source>
            <destination>freebusy_uri</destination>
        </field>
        <field>
            <source>note</source>
            <destination>note</destination>
        </field>
        <field>
            <source>container_id</source>
            <destination>container_id</destination>
        </field>
        <field>
            <source>pubkey</source>
            <destination>pubkey</destination>
        </field>
        <field>
            <source>role</source>
            <destination>role</destination>
        </field>
        <field>
            <source>room</source>
            <destination>room</destination>
        </field>
        <field>
            <source>salutation_id</source>
            <destination>salutation_id</destination>
        </field>
        <field>
            <source>title</source>
            <destination>title</destination>
        </field>
        <field>
            <source>tz</source>
            <destination>tz</destination>
        </field>
        <field>
            <source>url</source>
            <destination>url</destination>
        </field>
        <field>
            <source>url_home</source>
            <destination>url_home</destination>
        </field>
        <field>
            <source>n_family</source>
            <destination>n_family</destination>
        </field>
        <field>
            <source>n_fileas</source>
            <destination>n_fileas</destination>
        </field>
        <field>
            <source>n_fn</source>
            <destination>n_fn</destination>
        </field>
        <field>
            <source>n_given</source>
            <destination>n_given</destination>
        </field>
        <field>
            <source>n_middle</source>
            <destination>n_middle</destination>
        </field>
        <field>
            <source>n_prefix</source>
            <destination>n_prefix</destination>
        </field>
        <field>
            <source>n_suffix</source>
            <destination>n_suffix</destination>
        </field>
        <field>
            <source>org_name</source>
            <destination>org_name</destination>
        </field>
        <field>
            <source>org_unit</source>
            <destination>org_unit</destination>
        </field>
        <field>
            <source>tel_assistent</source>
            <destination>tel_assistent</destination>
        </field>
        <field>
            <source>tel_car</source>
            <destination>tel_car</destination>
        </field>
        <field>
            <source>tel_cell</source>
            <destination>tel_cell</destination>
        </field>
        <field>
            <source>tel_cell_private</source>
            <destination>tel_cell_private</destination>
        </field>
        <field>
            <source>tel_fax</source>
            <destination>tel_fax</destination>
        </field>
        <field>        	
            <source>tel_fax_home</source>
            <destination>tel_fax_home</destination>
        </field>
        <field>
            <source>tel_home</source>
            <destination>tel_home</destination>
        </field>
        <field>
            <source>tel_pager</source>
            <destination>tel_pager</destination>
        </field>
        <field>
            <source>tel_work</source>
            <destination>tel_work</destination>
        </field>
        <field>
            <source>tags</source>
            <destination>tags</destination>
        </field>
    </mapping>
</config>
