<?xml version="1.0" encoding="utf-8"?>
<application>
    <name>Timetracker</name>
    <!-- gettext('Timetracker') -->   
    <version>3.3</version>
    <order>60</order>
    <status>enabled</status>
    <depends>
        <application>Tinebase</application>
    </depends>
    <tables>
        <table>
            <name>timetracker_timeaccount</name>
            <version>6</version>
            <declaration>
                <field>
                    <name>id</name>
                    <type>text</type>
                    <length>40</length>
                    <notnull>true</notnull>
                </field>
                <field>
                    <name>container_id</name>
                    <type>integer</type>
                    <notnull>false</notnull>
                </field>                
                <field>
                    <name>title</name>
                    <type>text</type>
                    <length>256</length>
                    <notnull>true</notnull>
                </field>
                <field>
                    <name>number</name>
                    <type>text</type>
                    <length>128</length>
                </field>
                <field>
                    <name>description</name>
                    <type>text</type>
                </field>
                <field>
                    <name>budget</name>
                    <type>float</type>
                </field>
                <field>
                    <name>budget_unit</name>
                    <type>text</type>
                    <length>128</length>
                </field>
                <field>
                    <name>price</name>
                    <type>float</type>
                </field>
                <field>
                    <name>price_unit</name>
                    <type>text</type>
                    <length>128</length>
                </field>
                <field>
                    <name>is_open</name>
                    <type>boolean</type>
                    <default>true</default>
                </field>
                <field>
                    <name>is_billable</name>
                    <type>boolean</type>
                    <default>true</default>
                </field>
                <field>
                    <name>billed_in</name>
                    <type>text</type>
                    <length>256</length>
                    <notnull>false</notnull>
                </field>
                <field>
                    <name>status</name>
                    <type>enum</type>
                    <value>not yet billed</value>
                    <!-- gettext('not yet billed') -->
                    <value>to bill</value>
                    <!-- gettext('to bill') -->
                    <value>billed</value>
                    <!-- gettext('billed') -->
                    <notnull>true</notnull>
                </field>                                
                <field>
                    <name>deadline</name>
                    <type>text</type>
                    <length>256</length>
                    <notnull>false</notnull>
                </field>
                <field>
                    <name>created_by</name>
	                <type>text</type>
	                <length>40</length>
                </field>
                <field>
                    <name>creation_time</name>
                    <type>datetime</type>
                </field> 
                <field>
                    <name>last_modified_by</name>
	                <type>text</type>
	                <length>40</length>
                </field>
                <field>
                    <name>last_modified_time</name>
                    <type>datetime</type>
                </field>
                <field>
                    <name>is_deleted</name>
                    <type>boolean</type>
                    <default>false</default>
                </field>
                <field>
                    <name>deleted_by</name>
                    <type>text</type>
                    <length>40</length>
                </field>            
                <field>
                    <name>deleted_time</name>
                    <type>datetime</type>
                </field>
                <index>
                    <name>id</name>
                    <primary>true</primary>
                    <field>
                        <name>id</name>
                    </field>
                </index>
                <index>
                    <name>title</name>
                    <field>
                        <name>title</name>
                    </field>
                </index>                
                <index>
                    <name>number</name>
                    <field>
                        <name>number</name>
                    </field>
                </index>                
                <index>
                    <name>timeaccount::container_id--container::id</name>
                    <field>
                        <name>container_id</name>
                    </field>
                    <foreign>true</foreign>
                    <reference>
                        <table>container</table>
                        <field>id</field>
                    </reference>
                </index>   
            </declaration>
        </table>
        <table>
            <name>timetracker_timesheet</name>
            <version>2</version>
            <declaration>
                <field>
                    <name>id</name>
                    <type>text</type>
                    <length>40</length>
                    <notnull>true</notnull>
                </field>
                <field>
                    <name>account_id</name>
	                <type>text</type>
	                <length>40</length>
                    <notnull>true</notnull>
                </field>
                <field>
                    <name>timeaccount_id</name>
                    <type>text</type>
                    <length>40</length>
                    <notnull>false</notnull>
                </field>
                <field>
                    <name>is_billable</name>
                    <type>boolean</type>
                    <default>true</default>
                </field>
                <field>
                    <name>billed_in</name>
                    <type>text</type>
                    <length>256</length>
                    <notnull>false</notnull>
                </field>
                <field>
                    <name>is_cleared</name>
                    <type>boolean</type>
                    <default>false</default>
                </field>
                <field>
                    <name>cleared_time</name>
                    <type>datetime</type>
                </field>
                <field>
                    <name>start_date</name>
                    <type>date</type>
                </field>
                <field>
                    <name>start_time</name>
                    <type>time</type>
                </field>
                <field>
                    <name>duration</name>
                    <type>integer</type>
                </field>
                <field>
                    <name>description</name>
                    <type>text</type>
                </field>
                <field>
                    <name>created_by</name>
	                <type>text</type>
	                <length>40</length>
                </field>
                <field>
                    <name>creation_time</name>
                    <type>datetime</type>
                </field> 
                <field>
                    <name>last_modified_by</name>
                    <type>text</type>
                    <length>40</length>
                </field>
                <field>
                    <name>last_modified_time</name>
                    <type>datetime</type>
                </field>
                <field>
                    <name>is_deleted</name>
                    <type>boolean</type>
                    <default>false</default>
                </field>
                <field>
                    <name>deleted_by</name>
                    <type>text</type>
                    <length>40</length>
                </field>            
                <field>
                    <name>deleted_time</name>
                    <type>datetime</type>
                </field>
                <index>
                    <name>id</name>
                    <primary>true</primary>
                    <field>
                        <name>id</name>
                    </field>
                </index>
                <index>
                    <name>start_date</name>
                    <field>
                        <name>start_date</name>
                    </field>
                </index>                
                <index>
                    <name>timesheet::timeaccount_id--timeaccount::id</name>
                    <field>
                        <name>timeaccount_id</name>
                    </field>
                    <foreign>true</foreign>
                    <reference>
                        <table>timetracker_timeaccount</table>
                        <field>id</field>
                    </reference>
                </index>
            </declaration>
        </table>
    </tables>
</application>
